<?xml version="1.0" encoding="UTF-8"?>
<beans xmlns="http://www.springframework.org/schema/beans"
	xmlns:xsi="http://www.w3.org/2001/XMLSchema-instance"
	xmlns:context="http://www.springframework.org/schema/context"
	xmlns:mybatis-spring="http://mybatis.org/schema/mybatis-spring"
	xsi:schemaLocation="http://mybatis.org/schema/mybatis-spring http://mybatis.org/schema/mybatis-spring-1.2.xsd
		http://www.springframework.org/schema/beans https://www.springframework.org/schema/beans/spring-beans.xsd
		http://www.springframework.org/schema/context http://www.springframework.org/schema/context/spring-context-3.1.xsd">


	<!-- Root Context: defines shared resources visible to all other web components -->
	<bean id="hikariConfig" class="com.zaxxer.hikari.HikariConfig">
		<property name="driverClassName"
			value="net.sf.log4jdbc.sql.jdbcapi.DriverSpy" />
		<property name="jdbcUrl"
			value="jdbc:log4jdbc:mysql://localhost/pikka" />
		<property name="username" value="root" />
		<property name="password" value="1234" />
	</bean>

	<bean id="dataSource" class="com.zaxxer.hikari.HikariDataSource"
		destroy-method="close">
		<constructor-arg ref="hikariConfig" />
	</bean>

	<bean id="sqlSessionFactory"
		class="org.mybatis.spring.SqlSessionFactoryBean">
		<property name="dataSource" ref="dataSource"></property>
	</bean>


	<bean id="PayVO" class="com.pikka.domain.PayVO">
	</bean>


	<context:component-scan
		base-package="com.pikka.service" />
	<mybatis-spring:scan base-package="com.pikka.dao" />
	<context:component-scan base-package="com.pikka.dao"/>



	<bean id="customValidator"
		class="com.pikka.validator.CustomValidator" />


	<bean id="mailSender"
		class="org.springframework.mail.javamail.JavaMailSenderImpl">
		<property name="host" value="smtp.gmail.com" />
		<property name="port" value="587" />
		<property name="username" value="rkskqksk3@gmail.com" />
		<property name="password" value="" />
		<property name="javaMailProperties">
			<props>
				<prop key="mail.smtp.auth">true</prop>
				<prop key="mail.smtp.starttls.enable">true</prop>
			</props>
		</property>
	</bean>
	
	<bean id="baseOAuth2ProtectedResourceDetails" class="org.springframework.security.oauth2.client.resource.BaseOAuth2ProtectedResourceDetails">
	<property name="clientId" value="723249418329-n18mfk6o5o5qqvdca4f36vrerdajt317"/>
	<property name="clientSecret" value="i35-Oz9VyzPf6NaIpYdxMx6N"/>
	<property name="accessTokenUri" value="https://www.googleapis.com/oauth2/v4/token"/>
	<property name="tokenName" value=""></property>
	</bean>


	<bean id="naverLoginBO" class="com.pikka.naver.NaverLoginBO"/>
</beans>
