<?xml version="1.0" encoding="UTF-8"?>
<beans xmlns="http://www.springframework.org/schema/beans"
	xmlns:xsi="http://www.w3.org/2001/XMLSchema-instance"
	xmlns:security="http://www.springframework.org/schema/security"
	xsi:schemaLocation="http://www.springframework.org/schema/security http://www.springframework.org/schema/security/spring-security.xsd
		http://www.springframework.org/schema/beans http://www.springframework.org/schema/beans/spring-beans.xsd">


<import resource="root-context.xml" />

<!-- 로그인 컨트롤러 관련 커스터마이징 -->
<bean id="customerUserDetailsService" class="com.pikka.security.CustomerUserDetailsService"/>
<bean id="customLoginSuccess" class="com.pikka.security.CustomLoginSuccessHandler"></bean>
<bean id="bcryptPasswordEncoder" class="org.springframework.security.crypto.bcrypt.BCryptPasswordEncoder"/>

<security:http>
<security:intercept-url pattern="/sample/all" access="permitAll"/>
<security:intercept-url pattern="/sample/member" access="hasRole('ROLE_MEMBER')"/>
<security:intercept-url pattern="/myPage" access="hasRole('ROLE_MEMBER')"/>

<security:form-login login-page="/customLogin" authentication-success-handler-ref="customLoginSuccess" />
<security:csrf disabled="true"/>

<!-- 중복 로그인 방지 -->
<security:session-management>
<security:concurrency-control max-sessions="1"/>
</security:session-management>

<security:access-denied-handler error-page="/accessError"/>

<security:remember-me remember-me-parameter="remember-me" data-source-ref="dataSource" token-validity-seconds="604800"/>
<security:logout logout-url="/logout"  logout-success-url="/" invalidate-session="true" delete-cookies="remember-me,SESSION"/>
</security:http>

<security:authentication-manager>
<security:authentication-provider user-service-ref="customerUserDetailsService"> 
<security:password-encoder ref="bcryptPasswordEncoder"/>
</security:authentication-provider>
</security:authentication-manager>

</beans>
