<?xml version="1.0" encoding="UTF-8" ?>
<!DOCTYPE mapper
  PUBLIC "-//mybatis.org//DTD Mapper 3.0//EN"
  "http://mybatis.org/dtd/mybatis-3-mapper.dtd">

<mapper namespace="com.pikka.dao.LockerTicketDao">
	
	<select id="selectEndTicket" resultType="string">
	SELECT lockerNo from lockerTicket where lockerEndDate = #{today}
	</select>

	<select id="getList" resultType="com.pikka.domain.LockerTicket">
		select * from lockerTicket
	</select>

	<select id="get" resultType="com.pikka.domain.LockerTicket">
		select * from lockerTicket where userId = #{userId}
	</select>

	<update id="update">
		update lockerTicket SET 
		lockerNo = #{lockerNo}, lockerUseDays = #{lockerUseDays}, 
		lockerUsePrice = #{lockerUsePrice}, 
		lockerEndDate = DATE_ADD(#{lockerStartDate}, 
		INTERVAL #{lockerUseDays} DAY) 
		WHERE userId=#{userId}
	</update>

	<insert id="insert">
		INSERT INTO lockerticket 
		(lockerNo, userId, lockerUseDays, lockerUsePrice,lockerStartDate, lockerEndDate)
		VALUES ( #{lockerNo}, #{userId}, #{lockerUseDays}, #{lockerUsePrice},CURDATE(),
		DATE_ADD(CURDATE(), INTERVAL #{lockerUseDays} DAY));
	</insert>

	<delete id="delete">
		DELETE FROM lockerTicket WHERE lockerNo = #{lockerNo}
	</delete>



	<!-- #{lockerEndDate} 어떻게 받아오지? -->
	<!-- <update id="updateUse"> update locker set lockerStatus= #{lockerStatus}, 
		lockerStartDate= #{lockerStartDate}, lockerEndDate=DATE_ADD(#{lockerEndDate}, 
		INTERVAL #{lockerUseDate} DAY) where lockerNo=#{lockerNo} </update> -->


</mapper>
  
